{
  "bounds": {
    "minX": 1.96,
    "maxX": 393.62,
    "minY": 15.38,
    "maxY": 785.67,
    "minZ": 1.03,
    "maxZ": 636.52
  },
  "grateBB": {
    "minX": 62.698944091796875,
    "minY": 248.82443237304688,
    "minZ": 99.70474243164062,
    "maxX": 317.6989440917969,
    "maxY": 273.4117431640625,
    "maxZ": 534.6900634765625
  },
  "wheelBB": {
    "minX": 93.19609069824219,
    "minY": 457.62530517578125,
    "minZ": 290.6512756347656,
    "maxX": 100.31670379638672,
    "maxY": 535.3986206054688,
    "maxZ": 368.42333984375
  },
  "wheelPivot": {
    "x": 96.75639724731445,
    "y": 496.511962890625,
    "z": 329.5373077392578
  },
  "tris": {
    "body": 188012,
    "grate": 45216,
    "wheel": 35036
  }
}